,date,phong_ban,total_duration
2,2020-01-01,wo_ksnn,682.55
5,2020-01-02,wo_ksnn,1611.54
9,2020-01-03,wo_ksnn,1776.64
13,2020-01-04,wo_ksnn,1981.34
17,2020-01-05,wo_ksnn,2008.04
20,2020-01-06,wo_ksnn,2103.76
27,2020-01-07,wo_ksnn,4195.38
29,2020-01-08,wo_ksnn,4857.01
34,2020-01-09,wo_ksnn,4958.38
39,2020-01-10,wo_ksnn,5130.49
43,2020-01-11,wo_ksnn,5150.29
45,2020-01-12,wo_ksnn,5013.15
51,2020-01-13,wo_ksnn,5158.22
54,2020-01-14,wo_ksnn,5637.13
59,2020-01-15,wo_ksnn,5866.9
64,2020-01-16,wo_ksnn,6194.42
68,2020-01-17,wo_ksnn,6017.63
74,2020-01-18,wo_ksnn,6205.45
78,2020-01-19,wo_ksnn,5800.95
80,2020-01-20,wo_ksnn,5740.57
89,2020-01-21,wo_ksnn,5483.95
90,2020-01-22,wo_ksnn,5023.79
97,2020-01-23,wo_ksnn,26120.95
104,2020-01-24,wo_ksnn,33535.52
109,2020-01-25,wo_ksnn,33552.0
112,2020-01-26,wo_ksnn,33552.0
116,2020-01-27,wo_ksnn,33350.99
122,2020-01-28,wo_ksnn,33140.48
128,2020-01-29,wo_ksnn,33165.86
131,2020-01-30,wo_ksnn,33498.91
136,2020-01-31,wo_ksnn,33646.25
140,2020-02-01,wo_ksnn,33051.92
146,2020-02-02,wo_ksnn,32299.88
152,2020-02-03,wo_ksnn,30959.22
158,2020-02-04,wo_ksnn,31377.64
164,2020-02-05,wo_ksnn,31224.03
168,2020-02-06,wo_ksnn,30237.11
173,2020-02-07,wo_ksnn,29137.01
176,2020-02-08,wo_ksnn,27912.19
180,2020-02-09,wo_ksnn,27439.34
186,2020-02-10,wo_ksnn,27162.89
194,2020-02-11,wo_ksnn,26642.79
201,2020-02-12,wo_ksnn,25710.94
203,2020-02-13,wo_ksnn,24372.48
209,2020-02-14,wo_ksnn,23538.2
218,2020-02-15,wo_ksnn,22508.05
224,2020-02-16,wo_ksnn,21124.8
228,2020-02-17,wo_ksnn,20151.31
235,2020-02-18,wo_ksnn,18349.95
241,2020-02-19,wo_ksnn,14015.73
244,2020-02-20,wo_ksnn,29920.58
250,2020-02-21,wo_ksnn,36289.34
260,2020-02-22,wo_ksnn,35935.0
262,2020-02-23,wo_ksnn,35384.16
271,2020-02-24,wo_ksnn,35202.08
276,2020-02-25,wo_ksnn,35294.03
284,2020-02-26,wo_ksnn,35639.94
290,2020-02-27,wo_ksnn,36429.95
294,2020-02-28,wo_ksnn,36345.58
302,2020-02-29,wo_ksnn,35946.49
305,2020-03-01,wo_ksnn,34761.09
311,2020-03-02,wo_ksnn,35208.24
317,2020-03-03,wo_ksnn,36184.29
326,2020-03-04,wo_ksnn,36351.85
332,2020-03-05,wo_ksnn,36109.86
334,2020-03-06,wo_ksnn,35643.48
344,2020-03-07,wo_ksnn,35085.13
351,2020-03-08,wo_ksnn,34658.0
353,2020-03-09,wo_ksnn,34102.27
359,2020-03-10,wo_ksnn,33214.5
366,2020-03-11,wo_ksnn,32569.57
371,2020-03-12,wo_ksnn,31532.85
377,2020-03-13,wo_ksnn,30360.65
386,2020-03-14,wo_ksnn,29635.74
390,2020-03-15,wo_ksnn,28775.52
396,2020-03-16,wo_ksnn,27476.15
404,2020-03-17,wo_ksnn,25464.73
409,2020-03-18,wo_ksnn,20549.92
412,2020-03-19,wo_ksnn,33980.36
420,2020-03-20,wo_ksnn,39940.47
429,2020-03-21,wo_ksnn,39303.44
430,2020-03-22,wo_ksnn,38703.5
440,2020-03-23,wo_ksnn,38147.33
443,2020-03-24,wo_ksnn,37636.04
453,2020-03-25,wo_ksnn,36872.91
458,2020-03-26,wo_ksnn,36352.43
461,2020-03-27,wo_ksnn,35831.04
466,2020-03-28,wo_ksnn,35166.76
474,2020-03-29,wo_ksnn,34533.68
478,2020-03-30,wo_ksnn,33542.79
486,2020-03-31,wo_ksnn,35031.53
492,2020-04-01,wo_ksnn,34503.61
499,2020-04-02,wo_ksnn,33334.02
503,2020-04-03,wo_ksnn,32382.02
513,2020-04-04,wo_ksnn,31167.68
517,2020-04-05,wo_ksnn,30310.14
521,2020-04-06,wo_ksnn,29419.77
529,2020-04-07,wo_ksnn,27540.3
534,2020-04-08,wo_ksnn,26097.31
542,2020-04-09,wo_ksnn,24273.68
549,2020-04-10,wo_ksnn,21919.28
550,2020-04-11,wo_ksnn,20582.37
556,2020-04-12,wo_ksnn,19222.95
565,2020-04-13,wo_ksnn,17672.55
570,2020-04-14,wo_ksnn,14818.01
578,2020-04-15,wo_ksnn,11199.36
580,2020-04-16,wo_ksnn,31173.73
587,2020-04-17,wo_ksnn,37957.45
593,2020-04-18,wo_ksnn,36929.36
600,2020-04-19,wo_ksnn,36034.72
606,2020-04-20,wo_ksnn,35602.63
610,2020-04-21,wo_ksnn,35099.85
616,2020-04-22,wo_ksnn,34275.07
623,2020-04-23,wo_ksnn,33535.65
632,2020-04-24,wo_ksnn,32821.54
636,2020-04-25,wo_ksnn,31749.95
640,2020-04-26,wo_ksnn,31026.87
651,2020-04-27,wo_ksnn,30531.98
652,2020-04-28,wo_ksnn,31573.23
662,2020-04-29,wo_ksnn,31496.63
664,2020-04-30,wo_ksnn,31113.89
675,2020-05-01,wo_ksnn,30249.63
677,2020-05-02,wo_ksnn,29439.54
687,2020-05-03,wo_ksnn,28880.51
688,2020-05-04,wo_ksnn,28243.73
694,2020-05-05,wo_ksnn,27645.98
702,2020-05-06,wo_ksnn,26625.48
706,2020-05-07,wo_ksnn,25363.72
713,2020-05-08,wo_ksnn,24347.06
721,2020-05-09,wo_ksnn,23326.51
726,2020-05-10,wo_ksnn,22731.07
733,2020-05-11,wo_ksnn,21998.91
740,2020-05-12,wo_ksnn,20587.86
744,2020-05-13,wo_ksnn,16512.54
748,2020-05-14,wo_ksnn,33079.03
757,2020-05-15,wo_ksnn,40034.93
761,2020-05-16,wo_ksnn,39548.78
770,2020-05-17,wo_ksnn,39077.06
775,2020-05-18,wo_ksnn,38637.24
782,2020-05-19,wo_ksnn,37843.98
789,2020-05-20,wo_ksnn,37359.9
794,2020-05-21,wo_ksnn,37134.47
797,2020-05-22,wo_ksnn,36515.63
807,2020-05-23,wo_ksnn,35641.62
812,2020-05-24,wo_ksnn,34650.09
817,2020-05-25,wo_ksnn,33897.25
825,2020-05-26,wo_ksnn,35752.2
826,2020-05-27,wo_ksnn,36753.56
837,2020-05-28,wo_ksnn,36644.23
841,2020-05-29,wo_ksnn,35830.36
849,2020-05-30,wo_ksnn,35211.5
855,2020-05-31,wo_ksnn,34456.79
856,2020-06-01,wo_ksnn,32843.32
867,2020-06-02,wo_ksnn,31682.83
869,2020-06-03,wo_ksnn,30690.18
875,2020-06-04,wo_ksnn,30599.12
882,2020-06-05,wo_ksnn,30165.71
889,2020-06-06,wo_ksnn,28870.24
894,2020-06-07,wo_ksnn,27822.55
898,2020-06-08,wo_ksnn,26756.91
909,2020-06-09,wo_ksnn,24792.26
913,2020-06-10,wo_ksnn,21142.37
921,2020-06-11,wo_ksnn,42615.29
925,2020-06-12,wo_ksnn,50391.72
930,2020-06-13,wo_ksnn,49578.31
934,2020-06-14,wo_ksnn,48773.23
941,2020-06-15,wo_ksnn,47638.2
951,2020-06-16,wo_ksnn,46282.86
955,2020-06-17,wo_ksnn,45780.7
959,2020-06-18,wo_ksnn,45382.37
965,2020-06-19,wo_ksnn,45701.76
975,2020-06-20,wo_ksnn,45592.67
979,2020-06-21,wo_ksnn,44213.58
986,2020-06-22,wo_ksnn,43310.24
989,2020-06-23,wo_ksnn,44364.8
994,2020-06-24,wo_ksnn,45229.09
1005,2020-06-25,wo_ksnn,44800.01
1008,2020-06-26,wo_ksnn,44208.91
1012,2020-06-27,wo_ksnn,44100.72
1022,2020-06-28,wo_ksnn,43361.07
1025,2020-06-29,wo_ksnn,42628.33
1035,2020-06-30,wo_ksnn,42217.87
1040,2020-07-01,wo_ksnn,41515.87
1046,2020-07-02,wo_ksnn,39339.72
1053,2020-07-03,wo_ksnn,36610.57
1055,2020-07-04,wo_ksnn,34685.46
1062,2020-07-05,wo_ksnn,34209.92
1069,2020-07-06,wo_ksnn,32335.63
1075,2020-07-07,wo_ksnn,28458.36
1083,2020-07-08,wo_ksnn,22692.98
1086,2020-07-09,wo_ksnn,43486.49
1094,2020-07-10,wo_ksnn,51755.23
1101,2020-07-11,wo_ksnn,50723.37
1102,2020-07-12,wo_ksnn,50185.3
1110,2020-07-13,wo_ksnn,49871.75
1114,2020-07-14,wo_ksnn,48805.17
1123,2020-07-15,wo_ksnn,48054.61
1127,2020-07-16,wo_ksnn,48065.37
1133,2020-07-17,wo_ksnn,47617.31
1140,2020-07-18,wo_ksnn,46912.7
1148,2020-07-19,wo_ksnn,45608.41
1155,2020-07-20,wo_ksnn,44290.79
1158,2020-07-21,wo_ksnn,46320.73
1163,2020-07-22,wo_ksnn,46152.61
1169,2020-07-23,wo_ksnn,45410.14
1178,2020-07-24,wo_ksnn,44157.66
1180,2020-07-25,wo_ksnn,42919.3
1189,2020-07-26,wo_ksnn,41874.11
1195,2020-07-27,wo_ksnn,40545.55
1198,2020-07-28,wo_ksnn,38484.0
1205,2020-07-29,wo_ksnn,35833.39
1210,2020-07-30,wo_ksnn,34003.14
1217,2020-07-31,wo_ksnn,33194.7
1224,2020-08-01,wo_ksnn,31840.77
1230,2020-08-02,wo_ksnn,30775.24
1234,2020-08-03,wo_ksnn,28984.88
1240,2020-08-04,wo_ksnn,25275.59
1246,2020-08-05,wo_ksnn,20587.29
1255,2020-08-06,wo_ksnn,41900.36
1263,2020-08-07,wo_ksnn,49787.51
1266,2020-08-08,wo_ksnn,49006.01
1271,2020-08-09,wo_ksnn,48236.07
1279,2020-08-10,wo_ksnn,47195.68
1286,2020-08-11,wo_ksnn,45964.09
1291,2020-08-12,wo_ksnn,45056.64
1297,2020-08-13,wo_ksnn,44461.35
1304,2020-08-14,wo_ksnn,43623.47
1310,2020-08-15,wo_ksnn,43033.44
1316,2020-08-16,wo_ksnn,42288.36
1323,2020-08-17,wo_ksnn,40387.63
1328,2020-08-18,wo_ksnn,40983.29
1334,2020-08-19,wo_ksnn,40652.22
1341,2020-08-20,wo_ksnn,39934.43
1345,2020-08-21,wo_ksnn,40119.84
1352,2020-08-22,wo_ksnn,40252.13
1357,2020-08-23,wo_ksnn,39345.74
1360,2020-08-24,wo_ksnn,36497.74
1368,2020-08-25,wo_ksnn,34230.16
1372,2020-08-26,wo_ksnn,32357.79
1382,2020-08-27,wo_ksnn,29891.48
1384,2020-08-28,wo_ksnn,27876.34
1393,2020-08-29,wo_ksnn,25797.59
1400,2020-08-30,wo_ksnn,24703.6
1405,2020-08-31,wo_ksnn,22633.41
1408,2020-09-01,wo_ksnn,17919.65
1419,2020-09-02,wo_ksnn,21699.49
1424,2020-09-03,wo_ksnn,46069.53
1431,2020-09-04,wo_ksnn,53670.1
1436,2020-09-05,wo_ksnn,51793.82
1440,2020-09-06,wo_ksnn,50914.25
1449,2020-09-07,wo_ksnn,50384.1
1452,2020-09-08,wo_ksnn,48932.3
1459,2020-09-09,wo_ksnn,48243.14
1462,2020-09-10,wo_ksnn,47813.85
1472,2020-09-11,wo_ksnn,47305.55
1478,2020-09-12,wo_ksnn,46919.66
1480,2020-09-13,wo_ksnn,46845.64
1489,2020-09-14,wo_ksnn,46156.48
1495,2020-09-15,wo_ksnn,48615.88
1503,2020-09-16,wo_ksnn,49736.4
1507,2020-09-17,wo_ksnn,49571.99
1515,2020-09-18,wo_ksnn,49882.77
1519,2020-09-19,wo_ksnn,50205.51
1527,2020-09-20,wo_ksnn,49770.61
1528,2020-09-21,wo_ksnn,49080.56
1538,2020-09-22,wo_ksnn,48903.35
1540,2020-09-23,wo_ksnn,47880.55
1549,2020-09-24,wo_ksnn,47979.67
1552,2020-09-25,wo_ksnn,49530.27
1558,2020-09-26,wo_ksnn,48376.56
1565,2020-09-27,wo_ksnn,47735.84
1573,2020-09-28,wo_ksnn,46460.33
1578,2020-09-29,wo_ksnn,43150.08
1584,2020-09-30,wo_ksnn,39704.42
1591,2020-10-01,wo_ksnn,62215.86
1597,2020-10-02,wo_ksnn,67523.43
1603,2020-10-03,wo_ksnn,64141.43
1608,2020-10-04,wo_ksnn,61994.52
1613,2020-10-05,wo_ksnn,59562.76
1619,2020-10-06,wo_ksnn,56720.73
1629,2020-10-07,wo_ksnn,53632.05
1631,2020-10-08,wo_ksnn,50960.8
1640,2020-10-09,wo_ksnn,49023.35
1643,2020-10-10,wo_ksnn,47303.72
1650,2020-10-11,wo_ksnn,46038.44
1656,2020-10-12,wo_ksnn,45074.95
1660,2020-10-13,wo_ksnn,47895.32
1666,2020-10-14,wo_ksnn,48720.45
1672,2020-10-15,wo_ksnn,47055.04
1682,2020-10-16,wo_ksnn,44014.18
1685,2020-10-17,wo_ksnn,41214.84
1694,2020-10-18,wo_ksnn,40047.9
1698,2020-10-19,wo_ksnn,38462.74
1706,2020-10-20,wo_ksnn,35788.34
1711,2020-10-21,wo_ksnn,34467.15
1715,2020-10-22,wo_ksnn,33408.57
1722,2020-10-23,wo_ksnn,32610.81
1729,2020-10-24,wo_ksnn,30911.95
1736,2020-10-25,wo_ksnn,29004.66
1739,2020-10-26,wo_ksnn,26699.89
1749,2020-10-27,wo_ksnn,23156.27
1752,2020-10-28,wo_ksnn,18530.62
1758,2020-10-29,wo_ksnn,21700.98
1767,2020-10-30,wo_ksnn,22591.0
1772,2020-10-31,wo_ksnn,21648.23
1774,2020-11-01,wo_ksnn,20244.43
1784,2020-11-02,wo_ksnn,28844.81
1786,2020-11-03,wo_ksnn,35487.02
1797,2020-11-04,wo_ksnn,33566.21
1800,2020-11-05,wo_ksnn,32929.74
1809,2020-11-06,wo_ksnn,49915.2
1814,2020-11-07,wo_ksnn,50161.18
1821,2020-11-08,wo_ksnn,49026.72
1826,2020-11-09,wo_ksnn,49032.67
1832,2020-11-10,wo_ksnn,49821.98
1835,2020-11-11,wo_ksnn,51029.23
1843,2020-11-12,wo_ksnn,51405.76
1849,2020-11-13,wo_ksnn,51495.9
1855,2020-11-14,wo_ksnn,52390.57
1861,2020-11-15,wo_ksnn,52163.17
1867,2020-11-16,wo_ksnn,51918.44
1871,2020-11-17,wo_ksnn,52946.87
1880,2020-11-18,wo_ksnn,53396.91
1882,2020-11-19,wo_ksnn,53305.08
1889,2020-11-20,wo_ksnn,53213.89
1896,2020-11-21,wo_ksnn,52924.88
1904,2020-11-22,wo_ksnn,51988.92
1911,2020-11-23,wo_ksnn,51505.79
1915,2020-11-24,wo_ksnn,50429.37
1922,2020-11-25,wo_ksnn,49394.13
1929,2020-11-26,wo_ksnn,76965.72
1931,2020-11-27,wo_ksnn,85007.66
1939,2020-11-28,wo_ksnn,82896.28
1947,2020-11-29,wo_ksnn,81840.97
1950,2020-11-30,wo_ksnn,81347.1
1955,2020-12-01,wo_ksnn,78364.4
1965,2020-12-02,wo_ksnn,84333.42
1971,2020-12-03,wo_ksnn,84033.99
1972,2020-12-04,wo_ksnn,83052.22
1980,2020-12-05,wo_ksnn,82265.94
1985,2020-12-06,wo_ksnn,81467.22
1995,2020-12-07,wo_ksnn,79467.21
1996,2020-12-08,wo_ksnn,77936.04
2002,2020-12-09,wo_ksnn,76828.17
2008,2020-12-10,wo_ksnn,74151.28
2018,2020-12-11,wo_ksnn,67765.81
2023,2020-12-12,wo_ksnn,63701.0
2031,2020-12-13,wo_ksnn,62058.32
2035,2020-12-14,wo_ksnn,60607.57
2041,2020-12-15,wo_ksnn,59958.8
2046,2020-12-16,wo_ksnn,60616.03
2050,2020-12-17,wo_ksnn,60660.52
2061,2020-12-18,wo_ksnn,59502.23
2062,2020-12-19,wo_ksnn,58969.42
2072,2020-12-20,wo_ksnn,57766.68
2078,2020-12-21,wo_ksnn,56214.4
2084,2020-12-22,wo_ksnn,52014.29
2091,2020-12-23,wo_ksnn,46917.94
2094,2020-12-24,wo_ksnn,74929.5
2098,2020-12-25,wo_ksnn,83344.52
2109,2020-12-26,wo_ksnn,81567.97
2113,2020-12-27,wo_ksnn,79415.86
2119,2020-12-28,wo_ksnn,76634.65
2123,2020-12-29,wo_ksnn,73572.2
2130,2020-12-30,wo_ksnn,70712.51
2136,2020-12-31,wo_ksnn,69463.22
2144,2021-01-02,wo_ksnn,0.2
2148,2021-01-03,wo_ksnn,0.99
2153,2021-01-04,wo_ksnn,196.69
2155,2021-01-05,wo_ksnn,5275.62
2162,2021-01-06,wo_ksnn,6910.64
2165,2021-01-07,wo_ksnn,7149.67
2168,2021-01-08,wo_ksnn,7986.24
2173,2021-01-09,wo_ksnn,8673.1
2178,2021-01-10,wo_ksnn,8151.8
2181,2021-01-11,wo_ksnn,8063.33
2184,2021-01-12,wo_ksnn,9405.44
2190,2021-01-13,wo_ksnn,11220.41
2193,2021-01-14,wo_ksnn,12617.0
2195,2021-01-15,wo_ksnn,14407.59
2200,2021-01-16,wo_ksnn,14708.89
2206,2021-01-17,wo_ksnn,13899.0
2208,2021-01-18,wo_ksnn,12966.06
2216,2021-01-19,wo_ksnn,14078.63
2219,2021-01-20,wo_ksnn,15540.84
2223,2021-01-21,wo_ksnn,43558.86
2227,2021-01-22,wo_ksnn,53634.48
2236,2021-01-23,wo_ksnn,53263.42
2239,2021-01-24,wo_ksnn,50947.38
2246,2021-01-25,wo_ksnn,48482.27
2250,2021-01-26,wo_ksnn,45962.65
2256,2021-01-27,wo_ksnn,43546.23
2259,2021-01-28,wo_ksnn,40557.77
2265,2021-01-29,wo_ksnn,36904.79
2269,2021-01-30,wo_ksnn,31048.18
2272,2021-01-31,wo_ksnn,28814.41
2277,2021-02-01,wo_ksnn,26403.28
2282,2021-02-02,wo_ksnn,24082.29
2287,2021-02-03,wo_ksnn,22485.92
2295,2021-02-04,wo_ksnn,20828.86
2300,2021-02-05,wo_ksnn,19431.59
2305,2021-02-06,wo_ksnn,17649.68
2307,2021-02-07,wo_ksnn,15907.51
2312,2021-02-08,wo_ksnn,12014.64
2320,2021-02-09,wo_ksnn,8076.13
2325,2021-02-10,wo_ksnn,6435.72
2330,2021-02-11,wo_ksnn,5574.51
2333,2021-02-12,wo_ksnn,5291.27
2340,2021-02-13,wo_ksnn,5265.74
2345,2021-02-14,wo_ksnn,5207.32
2346,2021-02-15,wo_ksnn,5004.54
2353,2021-02-16,wo_ksnn,4411.85
2354,2021-02-17,wo_ksnn,2659.74
2360,2021-02-18,wo_ksnn,68132.01
2365,2021-02-19,wo_ksnn,91382.91
2369,2021-02-20,wo_ksnn,89178.84
2377,2021-02-21,wo_ksnn,87528.84
2378,2021-02-22,wo_ksnn,83442.1
2383,2021-02-23,wo_ksnn,80115.95
2391,2021-02-24,wo_ksnn,78395.31
2396,2021-02-25,wo_ksnn,75896.75
2400,2021-02-26,wo_ksnn,72791.37
2404,2021-02-27,wo_ksnn,70145.18
2408,2021-02-28,wo_ksnn,67754.36
2417,2021-03-01,wo_ksnn,64745.27
2420,2021-03-02,wo_ksnn,61062.18
2425,2021-03-03,wo_ksnn,57615.18
2428,2021-03-04,wo_ksnn,54623.93
2433,2021-03-05,wo_ksnn,51733.86
2440,2021-03-06,wo_ksnn,49879.88
2445,2021-03-07,wo_ksnn,48381.26
2450,2021-03-08,wo_ksnn,46564.04
2456,2021-03-09,wo_ksnn,43745.87
2460,2021-03-10,wo_ksnn,41474.63
2466,2021-03-11,wo_ksnn,39148.77
2468,2021-03-12,wo_ksnn,35807.8
2473,2021-03-13,wo_ksnn,32857.61
2477,2021-03-14,wo_ksnn,31316.38
2480,2021-03-15,wo_ksnn,29697.88
2484,2021-03-16,wo_ksnn,26156.25
2487,2021-03-17,wo_ksnn,18873.04
2492,2021-03-18,wo_ksnn,106570.81
2497,2021-03-19,wo_ksnn,110143.22
2503,2021-03-20,wo_ksnn,108327.29
2509,2021-03-21,wo_ksnn,106065.16
2511,2021-03-22,wo_ksnn,103360.12
2518,2021-03-23,wo_ksnn,99742.49
2523,2021-03-24,wo_ksnn,97112.82
2528,2021-03-25,wo_ksnn,94908.03
2532,2021-03-26,wo_ksnn,92246.33
2540,2021-03-27,wo_ksnn,90628.25
2544,2021-03-28,wo_ksnn,88181.54
2546,2021-03-29,wo_ksnn,84704.38
2551,2021-03-30,wo_ksnn,80546.36
2560,2021-03-31,wo_ksnn,77849.43
2563,2021-04-01,wo_ksnn,74179.47
2568,2021-04-02,wo_ksnn,71728.73
2571,2021-04-03,wo_ksnn,75803.57
2579,2021-04-04,wo_ksnn,90871.24
2585,2021-04-05,wo_ksnn,90178.11
2587,2021-04-06,wo_ksnn,88281.25
2595,2021-04-07,wo_ksnn,86470.89
2596,2021-04-08,wo_ksnn,86183.03
2604,2021-04-09,wo_ksnn,85637.34
2609,2021-04-10,wo_ksnn,84842.25
2611,2021-04-11,wo_ksnn,84694.66
2615,2021-04-12,wo_ksnn,84558.78
2622,2021-04-13,wo_ksnn,83991.59
2626,2021-04-14,wo_ksnn,82890.01
2630,2021-04-15,wo_ksnn,81552.05
2631,2021-04-16,wo_ksnn,79394.42
2638,2021-04-17,wo_ksnn,77720.27
2639,2021-04-18,wo_ksnn,76702.63
2644,2021-04-19,wo_ksnn,75796.9
2652,2021-04-20,wo_ksnn,74731.01
2656,2021-04-21,wo_ksnn,73153.65
2661,2021-04-22,wo_ksnn,72175.44
2665,2021-04-23,wo_ksnn,69896.38
2672,2021-04-24,wo_ksnn,67214.74
2676,2021-04-25,wo_ksnn,64086.77
2680,2021-04-26,wo_ksnn,59996.29
2684,2021-04-27,wo_ksnn,56703.98
2689,2021-04-28,wo_ksnn,52103.13
2694,2021-04-29,wo_ksnn,46245.16
2702,2021-04-30,wo_ksnn,42320.27
2708,2021-05-01,wo_ksnn,52842.98
2712,2021-05-02,wo_ksnn,69498.53
2714,2021-05-03,wo_ksnn,72358.11
2720,2021-05-04,wo_ksnn,75364.27
2727,2021-05-05,wo_ksnn,96617.83
2730,2021-05-06,wo_ksnn,144890.74
2735,2021-05-07,wo_ksnn,151594.11
2739,2021-05-08,wo_ksnn,112563.18
2745,2021-05-09,wo_ksnn,83941.01
2749,2021-05-10,wo_ksnn,73433.44
2755,2021-05-11,wo_ksnn,64764.01
2759,2021-05-12,wo_ksnn,57938.92
2766,2021-05-13,wo_ksnn,87243.5
2770,2021-05-14,wo_ksnn,101259.52
2773,2021-05-15,wo_ksnn,100446.28
2777,2021-05-16,wo_ksnn,99648.83
2780,2021-05-17,wo_ksnn,97404.96
2783,2021-05-18,wo_ksnn,93916.06
2792,2021-05-19,wo_ksnn,92328.7
2794,2021-05-20,wo_ksnn,91620.72
2801,2021-05-21,wo_ksnn,89429.28
2805,2021-05-22,wo_ksnn,87320.14
2811,2021-05-23,wo_ksnn,84776.18
2814,2021-05-24,wo_ksnn,85167.91
2817,2021-05-25,wo_ksnn,84779.91
2820,2021-05-26,wo_ksnn,81255.82
2825,2021-05-27,wo_ksnn,77275.3
2829,2021-05-28,wo_ksnn,74253.41
2833,2021-05-29,wo_ksnn,69805.37
2836,2021-05-30,wo_ksnn,63608.13
2843,2021-05-31,wo_ksnn,58610.26
2845,2021-06-01,wo_ksnn,72427.1
2848,2021-06-02,wo_ksnn,84010.8
2854,2021-06-03,wo_ksnn,83112.49
2856,2021-06-04,wo_ksnn,81369.11
2862,2021-06-05,wo_ksnn,79966.1
2864,2021-06-06,wo_ksnn,79280.58
2871,2021-06-07,wo_ksnn,79596.02
2872,2021-06-08,wo_ksnn,81597.3
2878,2021-06-09,wo_ksnn,83077.28
2882,2021-06-10,wo_ksnn,84312.47
2885,2021-06-11,wo_ksnn,84492.1
2891,2021-06-12,wo_ksnn,82927.48
2894,2021-06-13,wo_ksnn,80678.78
2898,2021-06-14,wo_ksnn,78509.04
2900,2021-06-15,wo_ksnn,76652.86
2907,2021-06-16,wo_ksnn,75473.29
2911,2021-06-17,wo_ksnn,74500.35
2913,2021-06-18,wo_ksnn,73416.39
2916,2021-06-19,wo_ksnn,71934.12
2921,2021-06-20,wo_ksnn,70241.51
2927,2021-06-21,wo_ksnn,68353.6
2930,2021-06-22,wo_ksnn,65984.43
2932,2021-06-23,wo_ksnn,64961.15
2938,2021-06-24,wo_ksnn,63730.64
2940,2021-06-25,wo_ksnn,61264.32
2947,2021-06-26,wo_ksnn,58688.26
2949,2021-06-27,wo_ksnn,56304.63
2954,2021-06-28,wo_ksnn,53734.63
2958,2021-06-29,wo_ksnn,49867.01
2963,2021-06-30,wo_ksnn,45597.58
2964,2021-07-01,wo_ksnn,95989.44
2971,2021-07-02,wo_ksnn,115438.89
2972,2021-07-03,wo_ksnn,113327.99
2977,2021-07-04,wo_ksnn,111659.27
2980,2021-07-05,wo_ksnn,114264.24
2985,2021-07-06,wo_ksnn,113831.17
2990,2021-07-07,wo_ksnn,108795.82
2995,2021-07-08,wo_ksnn,138010.23
3001,2021-07-09,wo_ksnn,147363.82
3006,2021-07-10,wo_ksnn,145242.71
3009,2021-07-11,wo_ksnn,143307.92
3015,2021-07-12,wo_ksnn,141239.39
3023,2021-07-13,wo_ksnn,139046.31
3029,2021-07-14,wo_ksnn,136888.71
3031,2021-07-15,wo_ksnn,133806.11
3038,2021-07-16,wo_ksnn,130168.47
3040,2021-07-17,wo_ksnn,126183.26
3044,2021-07-18,wo_ksnn,122596.08
3049,2021-07-19,wo_ksnn,119685.75
3052,2021-07-20,wo_ksnn,114743.19
3058,2021-07-21,wo_ksnn,109285.64
3059,2021-07-22,wo_ksnn,103060.94
3063,2021-07-23,wo_ksnn,96318.12
3070,2021-07-24,wo_ksnn,89930.92
3076,2021-07-25,wo_ksnn,83756.64
3082,2021-07-26,wo_ksnn,78176.02
3085,2021-07-27,wo_ksnn,70854.52
3089,2021-07-28,wo_ksnn,64408.34
3096,2021-07-29,wo_ksnn,57706.01
3100,2021-07-30,wo_ksnn,54771.67
3107,2021-07-31,wo_ksnn,54104.59
3108,2021-08-01,wo_ksnn,54005.68
3114,2021-08-02,wo_ksnn,53035.09
3122,2021-08-03,wo_ksnn,52863.24
3125,2021-08-04,wo_ksnn,51448.19
3132,2021-08-05,wo_ksnn,50084.55
3133,2021-08-06,wo_ksnn,48826.67
3140,2021-08-07,wo_ksnn,48247.87
3146,2021-08-08,wo_ksnn,47290.17
3150,2021-08-09,wo_ksnn,46403.02
3156,2021-08-10,wo_ksnn,46197.01
3162,2021-08-11,wo_ksnn,46690.89
3163,2021-08-12,wo_ksnn,44889.69
3171,2021-08-13,wo_ksnn,41779.03
3176,2021-08-14,wo_ksnn,39311.25
3179,2021-08-15,wo_ksnn,38312.45
3187,2021-08-16,wo_ksnn,37522.8
3191,2021-08-17,wo_ksnn,36281.88
3197,2021-08-18,wo_ksnn,34739.81
3198,2021-08-19,wo_ksnn,33965.58
3203,2021-08-20,wo_ksnn,33660.24
3208,2021-08-21,wo_ksnn,32494.16
3215,2021-08-22,wo_ksnn,31439.42
3219,2021-08-23,wo_ksnn,31158.84
3226,2021-08-24,wo_ksnn,30021.94
3231,2021-08-25,wo_ksnn,28123.85
3234,2021-08-26,wo_ksnn,25815.42
3240,2021-08-27,wo_ksnn,24465.3
3243,2021-08-28,wo_ksnn,24205.8
3250,2021-08-29,wo_ksnn,23577.38
3254,2021-08-30,wo_ksnn,22840.73
3262,2021-08-31,wo_ksnn,21987.8
3265,2021-09-01,wo_ksnn,27123.66
3269,2021-09-02,wo_ksnn,32402.51
3273,2021-09-03,wo_ksnn,33946.98
3280,2021-09-04,wo_ksnn,33980.38
3287,2021-09-05,wo_ksnn,33966.03
3292,2021-09-06,wo_ksnn,33919.18
3293,2021-09-07,wo_ksnn,33898.42
3300,2021-09-08,wo_ksnn,34253.14
3306,2021-09-09,wo_ksnn,34873.41
3309,2021-09-10,wo_ksnn,34829.68
3316,2021-09-11,wo_ksnn,34560.24
3319,2021-09-12,wo_ksnn,34302.21
3325,2021-09-13,wo_ksnn,34056.18
3332,2021-09-14,wo_ksnn,33931.07
3336,2021-09-15,wo_ksnn,33803.84
3339,2021-09-16,wo_ksnn,33842.99
3346,2021-09-17,wo_ksnn,33788.76
3350,2021-09-18,wo_ksnn,33494.43
3356,2021-09-19,wo_ksnn,33218.18
3359,2021-09-20,wo_ksnn,32722.09
3367,2021-09-21,wo_ksnn,32266.87
3369,2021-09-22,wo_ksnn,31750.64
3375,2021-09-23,wo_ksnn,31099.74
3379,2021-09-24,wo_ksnn,30237.96
3387,2021-09-25,wo_ksnn,29560.51
3391,2021-09-26,wo_ksnn,28492.89
3393,2021-09-27,wo_ksnn,27669.85
3399,2021-09-28,wo_ksnn,26503.68
3406,2021-09-29,wo_ksnn,24937.98
3412,2021-09-30,wo_ksnn,22860.52
3416,2021-10-01,wo_ksnn,96431.04
3420,2021-10-02,wo_ksnn,130154.81
3427,2021-10-03,wo_ksnn,130809.86
3428,2021-10-04,wo_ksnn,130525.3
3435,2021-10-05,wo_ksnn,129459.61
3438,2021-10-06,wo_ksnn,128092.31
3444,2021-10-07,wo_ksnn,126585.02
3454,2021-10-08,wo_ksnn,124823.53
3457,2021-10-09,wo_ksnn,122986.7
3464,2021-10-10,wo_ksnn,122734.25
3467,2021-10-11,wo_ksnn,122628.29
3473,2021-10-12,wo_ksnn,121431.82
3475,2021-10-13,wo_ksnn,119726.92
3482,2021-10-14,wo_ksnn,121616.81
3486,2021-10-15,wo_ksnn,120905.56
3492,2021-10-16,wo_ksnn,118693.88
3501,2021-10-17,wo_ksnn,116975.64
3504,2021-10-18,wo_ksnn,115208.19
3507,2021-10-19,wo_ksnn,112854.21
3516,2021-10-20,wo_ksnn,109268.45
3521,2021-10-21,wo_ksnn,104862.08
3525,2021-10-22,wo_ksnn,100036.6
3529,2021-10-23,wo_ksnn,95464.71
3534,2021-10-24,wo_ksnn,92033.42
3540,2021-10-25,wo_ksnn,87298.31
3545,2021-10-26,wo_ksnn,80015.8
3548,2021-10-27,wo_ksnn,72584.86
3552,2021-10-28,wo_ksnn,65731.06
3558,2021-10-29,wo_ksnn,58185.75
3564,2021-10-30,wo_ksnn,51297.16
3567,2021-10-31,wo_ksnn,48501.2
3576,2021-11-01,wo_ksnn,68044.13
3577,2021-11-02,wo_ksnn,79255.83
3586,2021-11-03,wo_ksnn,86856.87
3591,2021-11-04,wo_ksnn,87648.16
3596,2021-11-05,wo_ksnn,84436.98
3600,2021-11-06,wo_ksnn,77025.77
3603,2021-11-07,wo_ksnn,65129.93
3611,2021-11-08,wo_ksnn,63848.79
3616,2021-11-09,wo_ksnn,63333.8
3621,2021-11-10,wo_ksnn,62673.17
3624,2021-11-11,wo_ksnn,61321.19
3627,2021-11-12,wo_ksnn,59612.73
3636,2021-11-13,wo_ksnn,57890.24
3639,2021-11-14,wo_ksnn,56337.11
3646,2021-11-15,wo_ksnn,55461.46
3648,2021-11-16,wo_ksnn,54192.49
3652,2021-11-17,wo_ksnn,53500.29
3659,2021-11-18,wo_ksnn,52881.37
3665,2021-11-19,wo_ksnn,50555.71
3670,2021-11-20,wo_ksnn,48231.72
3672,2021-11-21,wo_ksnn,46811.42
3677,2021-11-22,wo_ksnn,45261.51
3683,2021-11-23,wo_ksnn,43003.86
3689,2021-11-24,wo_ksnn,41167.91
3692,2021-11-25,wo_ksnn,39069.08
3701,2021-11-26,wo_ksnn,36430.25
3704,2021-11-27,wo_ksnn,33708.34
3709,2021-11-28,wo_ksnn,30401.91
3713,2021-11-29,wo_ksnn,24516.61
3721,2021-11-30,wo_ksnn,20550.24
3726,2021-12-01,wo_ksnn,43018.34
3731,2021-12-02,wo_ksnn,55260.25
3733,2021-12-03,wo_ksnn,57101.01
3738,2021-12-04,wo_ksnn,56755.8
3744,2021-12-05,wo_ksnn,56342.19
3751,2021-12-06,wo_ksnn,55728.83
3754,2021-12-07,wo_ksnn,54626.84
3758,2021-12-08,wo_ksnn,52875.36
3766,2021-12-09,wo_ksnn,87698.76
3767,2021-12-10,wo_ksnn,100831.33
3776,2021-12-11,wo_ksnn,100254.08
3779,2021-12-12,wo_ksnn,99603.69
3783,2021-12-13,wo_ksnn,98625.89
3787,2021-12-14,wo_ksnn,97753.53
3795,2021-12-15,wo_ksnn,97519.27
3799,2021-12-16,wo_ksnn,96728.9
3804,2021-12-17,wo_ksnn,95536.21
3810,2021-12-18,wo_ksnn,94586.71
3813,2021-12-19,wo_ksnn,94074.04
3822,2021-12-20,wo_ksnn,93341.39
3823,2021-12-21,wo_ksnn,92286.07
3828,2021-12-22,wo_ksnn,92928.05
3836,2021-12-23,wo_ksnn,92416.19
3840,2021-12-24,wo_ksnn,91518.45
3847,2021-12-25,wo_ksnn,90503.45
3857,2021-12-26,wo_ksnn,89068.31
3861,2021-12-27,wo_ksnn,87035.86
3864,2021-12-28,wo_ksnn,84381.41
3872,2021-12-29,wo_ksnn,81047.59
3877,2021-12-30,wo_ksnn,77048.79
3882,2021-12-31,wo_ksnn,74999.31
3889,2022-01-01,wo_ksnn,26.11
3894,2022-01-02,wo_ksnn,34265.32
3897,2022-01-03,wo_ksnn,45908.57
3903,2022-01-04,wo_ksnn,45337.9
3905,2022-01-05,wo_ksnn,43712.99
3908,2022-01-06,wo_ksnn,42059.21
3918,2022-01-07,wo_ksnn,40452.46
3921,2022-01-08,wo_ksnn,39249.68
3926,2022-01-09,wo_ksnn,38669.03
3931,2022-01-10,wo_ksnn,37612.16
3938,2022-01-11,wo_ksnn,36052.46
3941,2022-01-12,wo_ksnn,34335.86
3951,2022-01-13,wo_ksnn,32429.72
3956,2022-01-14,wo_ksnn,30800.21
3958,2022-01-15,wo_ksnn,29339.92
3966,2022-01-16,wo_ksnn,28398.24
3970,2022-01-17,wo_ksnn,27512.34
3972,2022-01-18,wo_ksnn,26797.63
3977,2022-01-19,wo_ksnn,26406.37
3985,2022-01-20,wo_ksnn,25438.55
3988,2022-01-21,wo_ksnn,23664.37
3994,2022-01-22,wo_ksnn,22214.71
4002,2022-01-23,wo_ksnn,21507.16
4009,2022-01-24,wo_ksnn,20533.86
4012,2022-01-25,wo_ksnn,18734.38
4021,2022-01-26,wo_ksnn,16127.06
4026,2022-01-27,wo_ksnn,13363.41
4029,2022-01-28,wo_ksnn,10398.6
4038,2022-01-29,wo_ksnn,7324.96
4043,2022-01-30,wo_ksnn,5995.44
4046,2022-01-31,wo_ksnn,44502.57
4053,2022-02-01,wo_ksnn,59120.69
4056,2022-02-02,wo_ksnn,59106.24
4062,2022-02-03,wo_ksnn,95193.24
4067,2022-02-04,wo_ksnn,109131.81
4073,2022-02-05,wo_ksnn,109394.83
4076,2022-02-06,wo_ksnn,109635.76
4080,2022-02-07,wo_ksnn,109718.82
4084,2022-02-08,wo_ksnn,108971.21
4093,2022-02-09,wo_ksnn,107123.77
4097,2022-02-10,wo_ksnn,104983.56
4102,2022-02-11,wo_ksnn,102438.87
4113,2022-02-12,wo_ksnn,100758.27
4118,2022-02-13,wo_ksnn,100210.52
4124,2022-02-14,wo_ksnn,98779.92
4128,2022-02-15,wo_ksnn,96279.87
4137,2022-02-16,wo_ksnn,93718.11
4142,2022-02-17,wo_ksnn,90492.79
4148,2022-02-18,wo_ksnn,87184.92
4154,2022-02-19,wo_ksnn,85196.9
4159,2022-02-20,wo_ksnn,84771.99
4166,2022-02-21,wo_ksnn,83257.71
4170,2022-02-22,wo_ksnn,80183.77
4175,2022-02-23,wo_ksnn,76855.02
4182,2022-02-24,wo_ksnn,73312.33
4185,2022-02-25,wo_ksnn,69864.41
4190,2022-02-26,wo_ksnn,66160.9
4195,2022-02-27,wo_ksnn,62075.23
4200,2022-02-28,wo_ksnn,58414.32
4207,2022-03-01,wo_ksnn,99547.67
4209,2022-03-02,wo_ksnn,114317.53
4216,2022-03-03,wo_ksnn,115434.77
4221,2022-03-04,wo_ksnn,114098.44
4227,2022-03-05,wo_ksnn,112045.54
4233,2022-03-06,wo_ksnn,110606.55
4238,2022-03-07,wo_ksnn,109996.12
4240,2022-03-08,wo_ksnn,108431.83
4249,2022-03-09,wo_ksnn,106771.79
4253,2022-03-10,wo_ksnn,104429.1
4255,2022-03-11,wo_ksnn,101168.17
4262,2022-03-12,wo_ksnn,98608.11
4268,2022-03-13,wo_ksnn,96553.36
4277,2022-03-14,wo_ksnn,93177.46
4279,2022-03-15,wo_ksnn,88628.75
4287,2022-03-16,wo_ksnn,85404.98
4295,2022-03-17,wo_ksnn,82014.16
4298,2022-03-18,wo_ksnn,79099.46
4303,2022-03-19,wo_ksnn,76645.11
4311,2022-03-20,wo_ksnn,73877.26
4320,2022-03-21,wo_ksnn,71752.52
4324,2022-03-22,wo_ksnn,68649.03
4329,2022-03-23,wo_ksnn,65053.79
4338,2022-03-24,wo_ksnn,61688.33
4340,2022-03-25,wo_ksnn,58110.4
4350,2022-03-26,wo_ksnn,53909.88
4352,2022-03-27,wo_ksnn,49493.2
4357,2022-03-28,wo_ksnn,44398.9
4363,2022-03-29,wo_ksnn,36679.67
4373,2022-03-30,wo_ksnn,27378.52
4378,2022-03-31,wo_ksnn,77430.33
4383,2022-04-01,wo_ksnn,118478.34
4387,2022-04-02,wo_ksnn,149087.71
4393,2022-04-03,wo_ksnn,157701.03
4402,2022-04-04,wo_ksnn,155571.81
4410,2022-04-05,wo_ksnn,152447.24
4415,2022-04-06,wo_ksnn,150266.65
4417,2022-04-07,wo_ksnn,148979.83
4425,2022-04-08,wo_ksnn,148168.96
4432,2022-04-09,wo_ksnn,152969.8
4436,2022-04-10,wo_ksnn,155818.73
4446,2022-04-11,wo_ksnn,155465.37
4451,2022-04-12,wo_ksnn,130365.38
4454,2022-04-13,wo_ksnn,83348.84
4463,2022-04-14,wo_ksnn,82324.68
4466,2022-04-15,wo_ksnn,76798.59
4475,2022-04-16,wo_ksnn,72375.92
4480,2022-04-17,wo_ksnn,72001.58
4486,2022-04-18,wo_ksnn,71842.02
4494,2022-04-19,wo_ksnn,70992.64
4499,2022-04-20,wo_ksnn,70120.86
4506,2022-04-21,wo_ksnn,68935.57
4507,2022-04-22,wo_ksnn,66958.91
4515,2022-04-23,wo_ksnn,65494.98
4523,2022-04-24,wo_ksnn,64703.77
4529,2022-04-25,wo_ksnn,64090.85
4531,2022-04-26,wo_ksnn,63154.94
4539,2022-04-27,wo_ksnn,61827.22
4544,2022-04-28,wo_ksnn,59989.4
4552,2022-04-29,wo_ksnn,58492.27
4558,2022-04-30,wo_ksnn,57161.98
4561,2022-05-01,wo_ksnn,58650.9
4572,2022-05-02,wo_ksnn,59492.24
4578,2022-05-03,wo_ksnn,59121.91
4579,2022-05-04,wo_ksnn,58777.44
4589,2022-05-05,wo_ksnn,56916.0
4591,2022-05-06,wo_ksnn,54347.59
4597,2022-05-07,wo_ksnn,52684.96
4605,2022-05-08,wo_ksnn,51838.64
4609,2022-05-09,wo_ksnn,51559.57
4617,2022-05-10,wo_ksnn,51570.98
4625,2022-05-11,wo_ksnn,51455.64
4627,2022-05-12,wo_ksnn,50486.56
4635,2022-05-13,wo_ksnn,49521.84
4639,2022-05-14,wo_ksnn,48819.01
4648,2022-05-15,wo_ksnn,48554.48
4655,2022-05-16,wo_ksnn,47309.06
4662,2022-05-17,wo_ksnn,45654.09
4668,2022-05-18,wo_ksnn,44178.33
4669,2022-05-19,wo_ksnn,42242.51
4679,2022-05-20,wo_ksnn,39712.42
4681,2022-05-21,wo_ksnn,37999.52
4687,2022-05-22,wo_ksnn,36937.07
4695,2022-05-23,wo_ksnn,35424.06
4699,2022-05-24,wo_ksnn,31907.3
4705,2022-05-25,wo_ksnn,25811.37
4713,2022-05-26,wo_ksnn,52971.54
4720,2022-05-27,wo_ksnn,63169.13
4725,2022-05-28,wo_ksnn,62096.05
4729,2022-05-29,wo_ksnn,61334.73
4738,2022-05-30,wo_ksnn,60399.07
4742,2022-05-31,wo_ksnn,59343.65
4747,2022-06-01,wo_ksnn,58955.55
4756,2022-06-02,wo_ksnn,58752.11
4759,2022-06-03,wo_ksnn,83663.93
4767,2022-06-04,wo_ksnn,92021.64
4773,2022-06-05,wo_ksnn,91220.71
4782,2022-06-06,wo_ksnn,89100.32
4785,2022-06-07,wo_ksnn,87462.59
4793,2022-06-08,wo_ksnn,86165.29
4800,2022-06-09,wo_ksnn,84926.2
4802,2022-06-10,wo_ksnn,83573.87
4812,2022-06-11,wo_ksnn,82921.78
4816,2022-06-12,wo_ksnn,82194.74
4821,2022-06-13,wo_ksnn,81365.01
4825,2022-06-14,wo_ksnn,80085.93
4832,2022-06-15,wo_ksnn,78175.94
4841,2022-06-16,wo_ksnn,75688.44
4846,2022-06-17,wo_ksnn,73694.63
4853,2022-06-18,wo_ksnn,72262.88
4859,2022-06-19,wo_ksnn,71819.24
4861,2022-06-20,wo_ksnn,70779.13
4868,2022-06-21,wo_ksnn,69002.3
4877,2022-06-22,wo_ksnn,67087.94
4884,2022-06-23,wo_ksnn,64781.39
4885,2022-06-24,wo_ksnn,62882.86
4896,2022-06-25,wo_ksnn,61135.77
4897,2022-06-26,wo_ksnn,59837.92
4907,2022-06-27,wo_ksnn,58986.18
4911,2022-06-28,wo_ksnn,56951.77
4918,2022-06-29,wo_ksnn,53123.78
4926,2022-06-30,wo_ksnn,48605.37
4930,2022-07-01,wo_ksnn,74971.44
4936,2022-07-02,wo_ksnn,99497.46
4939,2022-07-03,wo_ksnn,102854.82
4950,2022-07-04,wo_ksnn,99867.9
4956,2022-07-05,wo_ksnn,80674.52
4962,2022-07-06,wo_ksnn,83859.45
4964,2022-07-07,wo_ksnn,83152.16
4974,2022-07-08,wo_ksnn,91998.13
4979,2022-07-09,wo_ksnn,99579.78
4984,2022-07-10,wo_ksnn,100424.53
4989,2022-07-11,wo_ksnn,98515.75
4997,2022-07-12,wo_ksnn,97543.23
5004,2022-07-13,wo_ksnn,95006.7
5008,2022-07-14,wo_ksnn,91397.82
5013,2022-07-15,wo_ksnn,86000.48
5017,2022-07-16,wo_ksnn,81837.24
5026,2022-07-17,wo_ksnn,80165.96
5034,2022-07-18,wo_ksnn,76608.41
5037,2022-07-19,wo_ksnn,70502.21
5042,2022-07-20,wo_ksnn,64592.61
5047,2022-07-21,wo_ksnn,67896.19
5054,2022-07-22,wo_ksnn,57551.54
5063,2022-07-23,wo_ksnn,55742.88
5068,2022-07-24,wo_ksnn,54744.89
5072,2022-07-25,wo_ksnn,53503.19
5080,2022-07-26,wo_ksnn,51647.46
5088,2022-07-27,wo_ksnn,49224.23
5093,2022-07-28,wo_ksnn,47225.79
5095,2022-07-29,wo_ksnn,45352.75
5103,2022-07-30,wo_ksnn,42970.44
5107,2022-07-31,wo_ksnn,42104.2
5113,2022-08-01,wo_ksnn,139353.65
5120,2022-08-02,wo_ksnn,177740.27
5127,2022-08-03,wo_ksnn,174559.21
5136,2022-08-04,wo_ksnn,170822.78
5141,2022-08-05,wo_ksnn,168527.98
5148,2022-08-06,wo_ksnn,165884.39
5149,2022-08-07,wo_ksnn,164046.91
5160,2022-08-08,wo_ksnn,161504.74
5164,2022-08-09,wo_ksnn,157508.25
5169,2022-08-10,wo_ksnn,152843.41
5175,2022-08-11,wo_ksnn,149370.82
5179,2022-08-12,wo_ksnn,146279.2
5186,2022-08-13,wo_ksnn,142835.46
5194,2022-08-14,wo_ksnn,139759.88
5199,2022-08-15,wo_ksnn,135846.88
5205,2022-08-16,wo_ksnn,128522.0
5210,2022-08-17,wo_ksnn,122485.68
5220,2022-08-18,wo_ksnn,117953.51
5225,2022-08-19,wo_ksnn,113583.62
5231,2022-08-20,wo_ksnn,110411.46
5236,2022-08-21,wo_ksnn,108487.14
5244,2022-08-22,wo_ksnn,105092.38
5248,2022-08-23,wo_ksnn,100747.81
5252,2022-08-24,wo_ksnn,95233.96
5260,2022-08-25,wo_ksnn,88006.25
5268,2022-08-26,wo_ksnn,79305.03
5272,2022-08-27,wo_ksnn,69176.41
5280,2022-08-28,wo_ksnn,61915.18
5283,2022-08-29,wo_ksnn,52242.97
5291,2022-08-30,wo_ksnn,40868.83
5297,2022-08-31,wo_ksnn,65217.96
5301,2022-09-01,wo_ksnn,163391.0
5307,2022-09-02,wo_ksnn,195353.43
5315,2022-09-03,wo_ksnn,193737.45
5322,2022-09-04,wo_ksnn,191836.19
5325,2022-09-05,wo_ksnn,188223.61
5330,2022-09-06,wo_ksnn,182107.8
5337,2022-09-07,wo_ksnn,176622.88
5344,2022-09-08,wo_ksnn,174423.96
5349,2022-09-09,wo_ksnn,171431.03
5354,2022-09-10,wo_ksnn,167453.25
5360,2022-09-11,wo_ksnn,164698.22
5370,2022-09-12,wo_ksnn,161323.92
5374,2022-09-13,wo_ksnn,156875.18
5378,2022-09-14,wo_ksnn,152521.19
5383,2022-09-15,wo_ksnn,148065.81
5393,2022-09-16,wo_ksnn,143275.74
5395,2022-09-17,wo_ksnn,138755.26
5401,2022-09-18,wo_ksnn,135817.3
5410,2022-09-19,wo_ksnn,131754.37
5418,2022-09-20,wo_ksnn,126074.24
5419,2022-09-21,wo_ksnn,119291.74
5429,2022-09-22,wo_ksnn,112444.18
5432,2022-09-23,wo_ksnn,105880.6
5441,2022-09-24,wo_ksnn,99909.55
5447,2022-09-25,wo_ksnn,95476.07
5450,2022-09-26,wo_ksnn,88910.88
5457,2022-09-27,wo_ksnn,79955.1
5465,2022-09-28,wo_ksnn,69520.78
5470,2022-09-29,wo_ksnn,59256.64
5477,2022-09-30,wo_ksnn,51264.51
5482,2022-10-01,wo_ksnn,77485.67
5490,2022-10-02,wo_ksnn,86226.48
5494,2022-10-03,wo_ksnn,85021.38
5501,2022-10-04,wo_ksnn,82085.3
5505,2022-10-05,wo_ksnn,80337.76
5510,2022-10-06,wo_ksnn,80302.48
5515,2022-10-07,wo_ksnn,80214.23
5522,2022-10-08,wo_ksnn,79763.11
5528,2022-10-09,wo_ksnn,79672.76
5537,2022-10-10,wo_ksnn,79739.77
5541,2022-10-11,wo_ksnn,78971.39
5548,2022-10-12,wo_ksnn,77292.23
5552,2022-10-13,wo_ksnn,76118.18
5558,2022-10-14,wo_ksnn,75448.84
5563,2022-10-15,wo_ksnn,74994.92
5573,2022-10-16,wo_ksnn,75227.94
5575,2022-10-17,wo_ksnn,75120.58
5586,2022-10-18,wo_ksnn,74419.15
5592,2022-10-19,wo_ksnn,73672.43
5593,2022-10-20,wo_ksnn,73158.99
5602,2022-10-21,wo_ksnn,72601.77
5610,2022-10-22,wo_ksnn,71542.95
5613,2022-10-23,wo_ksnn,70978.91
5622,2022-10-24,wo_ksnn,70368.86
5623,2022-10-25,wo_ksnn,68022.22
5632,2022-10-26,wo_ksnn,65785.63
5640,2022-10-27,wo_ksnn,63933.85
5643,2022-10-28,wo_ksnn,60919.41
5649,2022-10-29,wo_ksnn,57724.48
5657,2022-10-30,wo_ksnn,55054.52
5659,2022-10-31,wo_ksnn,54311.32
5667,2022-11-01,wo_ksnn,67294.84
5671,2022-11-02,wo_ksnn,89352.11
5678,2022-11-03,wo_ksnn,101409.39
5687,2022-11-04,wo_ksnn,101300.71
5692,2022-11-05,wo_ksnn,100376.92
5699,2022-11-06,wo_ksnn,99667.63
5706,2022-11-07,wo_ksnn,98920.31
5712,2022-11-08,wo_ksnn,96929.2
5718,2022-11-09,wo_ksnn,95168.39
5721,2022-11-10,wo_ksnn,94055.1
5728,2022-11-11,wo_ksnn,93014.19
5732,2022-11-12,wo_ksnn,91391.05
5738,2022-11-13,wo_ksnn,90086.37
5748,2022-11-14,wo_ksnn,88994.17
5749,2022-11-15,wo_ksnn,86803.59
5756,2022-11-16,wo_ksnn,84414.91
5766,2022-11-17,wo_ksnn,82127.82
5770,2022-11-18,wo_ksnn,79899.91
5775,2022-11-19,wo_ksnn,78111.71
5779,2022-11-20,wo_ksnn,77166.05
5787,2022-11-21,wo_ksnn,76001.18
5793,2022-11-22,wo_ksnn,74251.39
5800,2022-11-23,wo_ksnn,71900.73
5807,2022-11-24,wo_ksnn,69796.86
5811,2022-11-25,wo_ksnn,68272.0
5818,2022-11-26,wo_ksnn,66082.32
5824,2022-11-27,wo_ksnn,63205.07
5832,2022-11-28,wo_ksnn,61148.55
5837,2022-11-29,wo_ksnn,58805.4
5839,2022-11-30,wo_ksnn,57455.68
5847,2022-12-01,wo_ksnn,107674.82
5851,2022-12-02,wo_ksnn,144936.35
5860,2022-12-03,wo_ksnn,147066.0
5864,2022-12-04,wo_ksnn,144191.58
5873,2022-12-05,wo_ksnn,140470.48
5879,2022-12-06,wo_ksnn,137367.89
5886,2022-12-07,wo_ksnn,136402.52
5890,2022-12-08,wo_ksnn,134296.53
5897,2022-12-09,wo_ksnn,140817.6
5902,2022-12-10,wo_ksnn,144075.85
5906,2022-12-11,wo_ksnn,140471.01
5914,2022-12-12,wo_ksnn,138217.65
5921,2022-12-13,wo_ksnn,135826.53
5924,2022-12-14,wo_ksnn,133078.67
5929,2022-12-15,wo_ksnn,128374.69
5937,2022-12-16,wo_ksnn,124145.65
5941,2022-12-17,wo_ksnn,120912.89
5948,2022-12-18,wo_ksnn,118425.11
5955,2022-12-19,wo_ksnn,115713.57
5964,2022-12-20,wo_ksnn,111969.22
5965,2022-12-21,wo_ksnn,107788.44
5971,2022-12-22,wo_ksnn,103962.97
5980,2022-12-23,wo_ksnn,97616.57
5987,2022-12-24,wo_ksnn,89729.27
5993,2022-12-25,wo_ksnn,82817.93
6000,2022-12-26,wo_ksnn,76695.71
6006,2022-12-27,wo_ksnn,70014.45
6007,2022-12-28,wo_ksnn,62703.4
6016,2022-12-29,wo_ksnn,58253.48
6020,2022-12-30,wo_ksnn,52557.24
6029,2022-12-31,wo_ksnn,46354.4
6031,2023-01-01,wo_ksnn,18093.2
6036,2023-01-02,wo_ksnn,25303.37
6042,2023-01-03,wo_ksnn,25591.32
6050,2023-01-04,wo_ksnn,29305.96
6051,2023-01-05,wo_ksnn,29560.71
6060,2023-01-06,wo_ksnn,29225.3
6064,2023-01-07,wo_ksnn,28667.06
6068,2023-01-08,wo_ksnn,28215.2
6072,2023-01-09,wo_ksnn,27665.19
6078,2023-01-10,wo_ksnn,26973.37
6085,2023-01-11,wo_ksnn,26338.96
6089,2023-01-12,wo_ksnn,25310.41
6092,2023-01-13,wo_ksnn,24414.62
6100,2023-01-14,wo_ksnn,23737.39
6102,2023-01-15,wo_ksnn,23222.18
6109,2023-01-16,wo_ksnn,23353.53
6115,2023-01-17,wo_ksnn,22811.52
6116,2023-01-18,wo_ksnn,22000.29
6125,2023-01-19,wo_ksnn,21608.92
6128,2023-01-20,wo_ksnn,21469.91
6131,2023-01-21,wo_ksnn,21535.47
6136,2023-01-22,wo_ksnn,21600.0
6141,2023-01-23,wo_ksnn,21600.0
6150,2023-01-24,wo_ksnn,21555.33
6151,2023-01-25,wo_ksnn,21509.38
6157,2023-01-26,wo_ksnn,21480.0
6163,2023-01-27,wo_ksnn,21670.56
6166,2023-01-28,wo_ksnn,20960.66
6172,2023-01-29,wo_ksnn,19787.27
6176,2023-01-30,wo_ksnn,18509.55
6183,2023-01-31,wo_ksnn,16541.63
6189,2023-02-01,wo_ksnn,17252.78
6194,2023-02-02,wo_ksnn,54126.93
6198,2023-02-03,wo_ksnn,68918.22
6201,2023-02-04,wo_ksnn,68393.97
6209,2023-02-05,wo_ksnn,68001.3
6214,2023-02-06,wo_ksnn,68066.75
6216,2023-02-07,wo_ksnn,66495.59
6221,2023-02-08,wo_ksnn,65618.15
6227,2023-02-09,wo_ksnn,66818.19
6232,2023-02-10,wo_ksnn,67006.3
6240,2023-02-11,wo_ksnn,65779.32
6245,2023-02-12,wo_ksnn,64865.8
6247,2023-02-13,wo_ksnn,65430.45
6251,2023-02-14,wo_ksnn,66311.69
6259,2023-02-15,wo_ksnn,66116.03
6262,2023-02-16,wo_ksnn,65298.14
6266,2023-02-17,wo_ksnn,64391.93
6272,2023-02-18,wo_ksnn,63471.89
6276,2023-02-19,wo_ksnn,62432.26
6281,2023-02-20,wo_ksnn,64495.69
6288,2023-02-21,wo_ksnn,66172.81
6293,2023-02-22,wo_ksnn,64633.99
6299,2023-02-23,wo_ksnn,62804.24
6305,2023-02-24,wo_ksnn,62756.96
6306,2023-02-25,wo_ksnn,62014.61
6313,2023-02-26,wo_ksnn,59774.18
6316,2023-02-27,wo_ksnn,57574.27
6323,2023-02-28,wo_ksnn,54323.16
6330,2023-03-01,wo_ksnn,52910.11
6331,2023-03-02,wo_ksnn,103172.85
6338,2023-03-03,wo_ksnn,126881.44
6345,2023-03-04,wo_ksnn,126209.59
6349,2023-03-05,wo_ksnn,124899.69
6355,2023-03-06,wo_ksnn,125507.45
6356,2023-03-07,wo_ksnn,127354.6
6361,2023-03-08,wo_ksnn,127681.88
6368,2023-03-09,wo_ksnn,127021.45
6373,2023-03-10,wo_ksnn,125748.9
6376,2023-03-11,wo_ksnn,124163.64
6384,2023-03-12,wo_ksnn,122555.13
6389,2023-03-13,wo_ksnn,121935.72
6393,2023-03-14,wo_ksnn,121490.53
6400,2023-03-15,wo_ksnn,120521.07
6404,2023-03-16,wo_ksnn,119208.35
6410,2023-03-17,wo_ksnn,118348.42
6415,2023-03-18,wo_ksnn,116752.67
6419,2023-03-19,wo_ksnn,114580.91
6422,2023-03-20,wo_ksnn,113499.72
6429,2023-03-21,wo_ksnn,112193.12
6433,2023-03-22,wo_ksnn,110082.4
6437,2023-03-23,wo_ksnn,108260.41
6443,2023-03-24,wo_ksnn,105737.45
6446,2023-03-25,wo_ksnn,103582.63
6454,2023-03-26,wo_ksnn,102143.45
6457,2023-03-27,wo_ksnn,101820.59
6462,2023-03-28,wo_ksnn,101070.34
6466,2023-03-29,wo_ksnn,100952.06
6475,2023-03-30,wo_ksnn,101322.41
6480,2023-03-31,wo_ksnn,101496.15
6484,2023-04-01,wo_ksnn,101255.39
6489,2023-04-02,wo_ksnn,100409.67
6494,2023-04-03,wo_ksnn,100499.93
6499,2023-04-04,wo_ksnn,100286.59
6502,2023-04-05,wo_ksnn,109147.69
6507,2023-04-06,wo_ksnn,142718.76
6515,2023-04-07,wo_ksnn,159313.46
6517,2023-04-08,wo_ksnn,162268.06
6523,2023-04-09,wo_ksnn,161631.58
6526,2023-04-10,wo_ksnn,160461.71
6535,2023-04-11,wo_ksnn,158932.56
6536,2023-04-12,wo_ksnn,161986.85
6543,2023-04-13,wo_ksnn,170039.65
6549,2023-04-14,wo_ksnn,177910.85
6555,2023-04-15,wo_ksnn,178802.93
6558,2023-04-16,wo_ksnn,177454.83
6565,2023-04-17,wo_ksnn,175971.74
6566,2023-04-18,wo_ksnn,173315.5
6574,2023-04-19,wo_ksnn,169580.1
6579,2023-04-20,wo_ksnn,165637.27
6581,2023-04-21,wo_ksnn,162341.38
6586,2023-04-22,wo_ksnn,159575.64
6594,2023-04-23,wo_ksnn,157742.66
6596,2023-04-24,wo_ksnn,156749.19
6602,2023-04-25,wo_ksnn,155693.83
6607,2023-04-26,wo_ksnn,153249.34
6615,2023-04-27,wo_ksnn,150731.2
6616,2023-04-28,wo_ksnn,148326.41
6625,2023-04-29,wo_ksnn,145790.51
6629,2023-04-30,wo_ksnn,144042.18
6634,2023-05-01,wo_ksnn,142367.09
6636,2023-05-02,wo_ksnn,141660.93
6641,2023-05-03,wo_ksnn,141097.08
6650,2023-05-04,wo_ksnn,138429.1
6654,2023-05-05,wo_ksnn,138271.79
6656,2023-05-06,wo_ksnn,152238.99
6663,2023-05-07,wo_ksnn,204210.02
6668,2023-05-08,wo_ksnn,198724.55
6673,2023-05-09,wo_ksnn,193249.1
6678,2023-05-10,wo_ksnn,190103.03
6681,2023-05-11,wo_ksnn,189256.83
6688,2023-05-12,wo_ksnn,188285.16
6691,2023-05-13,wo_ksnn,184132.08
6700,2023-05-14,wo_ksnn,178386.48
6705,2023-05-15,wo_ksnn,172979.27
6710,2023-05-16,wo_ksnn,161382.67
6715,2023-05-17,wo_ksnn,153101.63
6717,2023-05-18,wo_ksnn,146249.96
6725,2023-05-19,wo_ksnn,139391.13
6726,2023-05-20,wo_ksnn,133222.76
6735,2023-05-21,wo_ksnn,127628.14
6740,2023-05-22,wo_ksnn,122041.99
6742,2023-05-23,wo_ksnn,115540.87
6747,2023-05-24,wo_ksnn,107813.24
6752,2023-05-25,wo_ksnn,98815.7
6756,2023-05-26,wo_ksnn,89264.91
6763,2023-05-27,wo_ksnn,83199.87
6766,2023-05-28,wo_ksnn,80039.74
6775,2023-05-29,wo_ksnn,76528.62
6776,2023-05-30,wo_ksnn,71926.58
6783,2023-05-31,wo_ksnn,87211.84
6789,2023-06-01,wo_ksnn,85787.46
6791,2023-06-02,wo_ksnn,85753.77
6797,2023-06-03,wo_ksnn,114720.6
6802,2023-06-04,wo_ksnn,136212.2
6806,2023-06-05,wo_ksnn,136446.76
6811,2023-06-06,wo_ksnn,137023.42
6817,2023-06-07,wo_ksnn,139514.98
6823,2023-06-08,wo_ksnn,139186.51
6829,2023-06-09,wo_ksnn,138467.39
6835,2023-06-10,wo_ksnn,137228.36
6840,2023-06-11,wo_ksnn,136792.82
6842,2023-06-12,wo_ksnn,136401.38
6847,2023-06-13,wo_ksnn,135787.57
6854,2023-06-14,wo_ksnn,134921.21
6857,2023-06-15,wo_ksnn,133552.2
6861,2023-06-16,wo_ksnn,131745.68
6868,2023-06-17,wo_ksnn,129694.06
6874,2023-06-18,wo_ksnn,128295.4
6878,2023-06-19,wo_ksnn,128891.06
6884,2023-06-20,wo_ksnn,127059.2
6890,2023-06-21,wo_ksnn,125444.77
6893,2023-06-22,wo_ksnn,123598.91
6896,2023-06-23,wo_ksnn,120216.27
6902,2023-06-24,wo_ksnn,118340.88
6909,2023-06-25,wo_ksnn,116947.36
6913,2023-06-26,wo_ksnn,114743.5
6917,2023-06-27,wo_ksnn,109523.39
6922,2023-06-28,wo_ksnn,103071.96
6930,2023-06-29,wo_ksnn,96340.07
6933,2023-06-30,wo_ksnn,89152.9
6938,2023-07-01,wo_ksnn,83861.99
6945,2023-07-02,wo_ksnn,82523.0
6949,2023-07-03,wo_ksnn,82319.19
6951,2023-07-04,wo_ksnn,82994.87
6959,2023-07-05,wo_ksnn,80477.43
6963,2023-07-06,wo_ksnn,107518.79
6967,2023-07-07,wo_ksnn,140256.34
6971,2023-07-08,wo_ksnn,136154.5
6980,2023-07-09,wo_ksnn,132959.52
6981,2023-07-10,wo_ksnn,130940.36
6986,2023-07-11,wo_ksnn,130499.0
6992,2023-07-12,wo_ksnn,128335.12
7000,2023-07-13,wo_ksnn,126122.39
7003,2023-07-14,wo_ksnn,122587.04
7007,2023-07-15,wo_ksnn,119089.58
7014,2023-07-16,wo_ksnn,117193.92
7019,2023-07-17,wo_ksnn,116454.46
7027,2023-07-18,wo_ksnn,115031.34
7034,2023-07-19,wo_ksnn,112340.98
7041,2023-07-20,wo_ksnn,108751.45
7046,2023-07-21,wo_ksnn,124216.29
7050,2023-07-22,wo_ksnn,147367.08
7056,2023-07-23,wo_ksnn,144339.98
7060,2023-07-24,wo_ksnn,141637.91
7071,2023-07-25,wo_ksnn,137613.61
7072,2023-07-26,wo_ksnn,132618.87
7081,2023-07-27,wo_ksnn,127828.61
7088,2023-07-28,wo_ksnn,123709.44
7093,2023-07-29,wo_ksnn,120209.2
7097,2023-07-30,wo_ksnn,116659.97
7104,2023-07-31,wo_ksnn,114907.03
7113,2023-08-01,wo_ksnn,112422.89
7114,2023-08-02,wo_ksnn,109411.89
7122,2023-08-03,wo_ksnn,106443.33
7131,2023-08-04,wo_ksnn,103131.87
7136,2023-08-05,wo_ksnn,155882.82
7138,2023-08-06,wo_ksnn,209146.26
7146,2023-08-07,wo_ksnn,207985.18
7153,2023-08-08,wo_ksnn,205625.03
7159,2023-08-09,wo_ksnn,202771.05
7166,2023-08-10,wo_ksnn,200631.58
7169,2023-08-11,wo_ksnn,198023.38
7174,2023-08-12,wo_ksnn,194805.14
7182,2023-08-13,wo_ksnn,192194.16
7190,2023-08-14,wo_ksnn,189514.7
7193,2023-08-15,wo_ksnn,186379.15
7203,2023-08-16,wo_ksnn,184084.93
7208,2023-08-17,wo_ksnn,181544.66
7211,2023-08-18,wo_ksnn,178553.44
7217,2023-08-19,wo_ksnn,175198.76
7225,2023-08-20,wo_ksnn,172702.28
7233,2023-08-21,wo_ksnn,169332.59
7235,2023-08-22,wo_ksnn,164874.95
7243,2023-08-23,wo_ksnn,157698.44
7248,2023-08-24,wo_ksnn,146339.25
7257,2023-08-25,wo_ksnn,134039.28
7261,2023-08-26,wo_ksnn,124221.59
7267,2023-08-27,wo_ksnn,117587.21
7270,2023-08-28,wo_ksnn,110387.86
7278,2023-08-29,wo_ksnn,101774.98
7287,2023-08-30,wo_ksnn,91599.96
7290,2023-08-31,wo_ksnn,108625.48
7297,2023-09-01,wo_ksnn,129614.65
7299,2023-09-02,wo_ksnn,127136.71
7307,2023-09-03,wo_ksnn,125553.32
7311,2023-09-04,wo_ksnn,123525.93
7317,2023-09-05,wo_ksnn,120527.77
7319,2023-09-06,wo_ksnn,117124.1
7325,2023-09-07,wo_ksnn,114655.89
7332,2023-09-08,wo_ksnn,174434.69
7338,2023-09-09,wo_ksnn,239233.07
7340,2023-09-10,wo_ksnn,235338.5
7344,2023-09-11,wo_ksnn,230504.08
7352,2023-09-12,wo_ksnn,223439.51
7356,2023-09-13,wo_ksnn,215420.4
7363,2023-09-14,wo_ksnn,207494.25
7367,2023-09-15,wo_ksnn,198167.89
7371,2023-09-16,wo_ksnn,189623.65
7375,2023-09-17,wo_ksnn,183570.97
7383,2023-09-18,wo_ksnn,177464.27
7386,2023-09-19,wo_ksnn,174823.33
7391,2023-09-20,wo_ksnn,171803.67
7396,2023-09-21,wo_ksnn,163704.23
7400,2023-09-22,wo_ksnn,154249.91
7407,2023-09-23,wo_ksnn,146150.24
7410,2023-09-24,wo_ksnn,142392.09
7418,2023-09-25,wo_ksnn,138407.55
7421,2023-09-26,wo_ksnn,132566.51
7426,2023-09-27,wo_ksnn,127335.56
7432,2023-09-28,wo_ksnn,112166.23
7435,2023-09-29,wo_ksnn,99685.18
7441,2023-09-30,wo_ksnn,94741.33
7444,2023-10-01,wo_ksnn,92386.76
7447,2023-10-02,wo_ksnn,115325.99
7453,2023-10-03,wo_ksnn,160303.91
7455,2023-10-04,wo_ksnn,180780.49
7458,2023-10-05,wo_ksnn,183038.64
7465,2023-10-06,wo_ksnn,214496.9
7467,2023-10-07,wo_ksnn,212201.24
7470,2023-10-08,wo_ksnn,220363.0
7474,2023-10-09,wo_ksnn,224132.52
7481,2023-10-10,wo_ksnn,219370.48
7485,2023-10-11,wo_ksnn,213840.4
7486,2023-10-12,wo_ksnn,208985.64
7492,2023-10-13,wo_ksnn,204177.57
7495,2023-10-14,wo_ksnn,201313.62
7501,2023-10-15,wo_ksnn,193175.75
7502,2023-10-16,wo_ksnn,188339.97
7509,2023-10-17,wo_ksnn,181976.0
7513,2023-10-18,wo_ksnn,174662.98
7515,2023-10-19,wo_ksnn,165993.64
7521,2023-10-20,wo_ksnn,159508.03
7524,2023-10-21,wo_ksnn,155130.38
7526,2023-10-22,wo_ksnn,152352.54
7533,2023-10-23,wo_ksnn,148977.99
7535,2023-10-24,wo_ksnn,143401.52
7540,2023-10-25,wo_ksnn,135996.88
7542,2023-10-26,wo_ksnn,129276.28
7547,2023-10-27,wo_ksnn,121134.63
7550,2023-10-28,wo_ksnn,113509.52
7555,2023-10-29,wo_ksnn,106624.32
7558,2023-10-30,wo_ksnn,98517.54
7564,2023-10-31,wo_ksnn,105969.08
7567,2023-11-01,wo_ksnn,166071.93
7573,2023-11-02,wo_ksnn,166872.7
7574,2023-11-03,wo_ksnn,162718.04
7580,2023-11-04,wo_ksnn,150941.02
7583,2023-11-05,wo_ksnn,143313.03
7587,2023-11-06,wo_ksnn,136133.94
7593,2023-11-07,wo_ksnn,144394.3
7594,2023-11-08,wo_ksnn,137977.96
7599,2023-11-09,wo_ksnn,132010.17
7605,2023-11-10,wo_ksnn,126461.13
7606,2023-11-11,wo_ksnn,121273.6
7613,2023-11-12,wo_ksnn,116625.74
7616,2023-11-13,wo_ksnn,112581.46
7620,2023-11-14,wo_ksnn,107018.66
7622,2023-11-15,wo_ksnn,100216.21
7628,2023-11-16,wo_ksnn,93882.47
7630,2023-11-17,wo_ksnn,89130.01
7637,2023-11-18,wo_ksnn,84673.36
7640,2023-11-19,wo_ksnn,81684.23
7644,2023-11-20,wo_ksnn,78107.29
7648,2023-11-21,wo_ksnn,73178.92
7650,2023-11-22,wo_ksnn,68925.47
7655,2023-11-23,wo_ksnn,63309.56
7659,2023-11-24,wo_ksnn,59539.43
7665,2023-11-25,wo_ksnn,55806.49
7669,2023-11-26,wo_ksnn,53075.45
7670,2023-11-27,wo_ksnn,50528.25
7676,2023-11-28,wo_ksnn,47274.61
7678,2023-11-29,wo_ksnn,44438.66
7685,2023-11-30,wo_ksnn,41456.19
7688,2023-12-01,wo_ksnn,68887.46
7692,2023-12-02,wo_ksnn,179213.82
7697,2023-12-03,wo_ksnn,177285.2
7698,2023-12-04,wo_ksnn,174098.31
7704,2023-12-05,wo_ksnn,168108.59
7707,2023-12-06,wo_ksnn,159247.62
7710,2023-12-07,wo_ksnn,164237.27
7716,2023-12-08,wo_ksnn,157813.81
7720,2023-12-09,wo_ksnn,152780.46
7722,2023-12-10,wo_ksnn,149372.78
7727,2023-12-11,wo_ksnn,145404.8
7730,2023-12-12,wo_ksnn,140265.81
7737,2023-12-13,wo_ksnn,135707.32
7739,2023-12-14,wo_ksnn,131258.59
7745,2023-12-15,wo_ksnn,126975.1
7749,2023-12-16,wo_ksnn,123534.13
7750,2023-12-17,wo_ksnn,120330.11
7755,2023-12-18,wo_ksnn,117551.26
7759,2023-12-19,wo_ksnn,112969.19
7764,2023-12-20,wo_ksnn,108703.39
7768,2023-12-21,wo_ksnn,105086.87
7772,2023-12-22,wo_ksnn,101490.97
7774,2023-12-23,wo_ksnn,98135.12
7778,2023-12-24,wo_ksnn,94498.82
7784,2023-12-25,wo_ksnn,89587.27
7788,2023-12-26,wo_ksnn,84693.57
7793,2023-12-27,wo_ksnn,79821.5
7796,2023-12-28,wo_ksnn,74093.16
7799,2023-12-29,wo_ksnn,68523.96
7803,2023-12-30,wo_ksnn,62641.27
7808,2023-12-31,wo_ksnn,57173.3
